<?xml version="1.0" encoding="UTF-8" standalone="yes"?>
<state xExtent="8" yExtent="8" nextTargetID="30" nextTemplateID="33" fogOfWar="false">
    <player>
        <ID>0</ID>
        <unit>
            <ID>2</ID>
            <currentHealth>300</currentHealth>
            <xPosition>0</xPosition>
            <yPosition>7</yPosition>
            <templateID>25</templateID>
            <cargoAmount>0</cargoAmount>
            <progressAmount>0</progressAmount>
        </unit>
        <template xsi:type="UnitTemplate" xmlns:xsi="http://www.w3.org/2001/XMLSchema-instance">
            <ID>25</ID>
            <foodCost>1</foodCost>
            <goldCost>600</goldCost>
            <woodCost>0</woodCost>
            <timeCost>300</timeCost>
            <name>Footman</name>
            <baseHealth>100</baseHealth>
            <baseAttack>50</baseAttack>
            <piercingAttack>0</piercingAttack>
            <range>1</range>
            <armor>0</armor>
            <sightRange>4</sightRange>
            <canGather>true</canGather>
            <canBuild>true</canBuild>
            <canMove>true</canMove>
            <canAcceptGold>true</canAcceptGold>
            <canAcceptWood>true</canAcceptWood>
            <foodProvided>0</foodProvided>
            <character>102</character>
            <goldGatherRate>25</goldGatherRate>
            <woodGatherRate>25</woodGatherRate>
            <durationGatherWood>1</durationGatherWood>
            <durationGatherGold>1</durationGatherGold>
            <durationMove>1</durationMove>
            <durationAttack>1</durationAttack>
            <durationDeposit>1</durationDeposit>
        </template>
    </player>
    <player>
        <ID>1</ID>
        <unit>
            <ID>3</ID>
            <currentHealth>60</currentHealth>
            <xPosition>7</xPosition>
            <yPosition>0</yPosition>
            <templateID>125</templateID>
            <cargoAmount>0</cargoAmount>
            <progressAmount>0</progressAmount>
        </unit>
        <template xsi:type="UnitTemplate" xmlns:xsi="http://www.w3.org/2001/XMLSchema-instance">
            <ID>125</ID>
            <foodCost>1</foodCost>
            <goldCost>600</goldCost>
            <woodCost>0</woodCost>
            <timeCost>300</timeCost>
            <name>Footman</name>
            <baseHealth>100</baseHealth>
            <baseAttack>50</baseAttack>
            <piercingAttack>0</piercingAttack>
            <range>1</range>
            <armor>0</armor>
            <sightRange>4</sightRange>
            <canGather>true</canGather>
            <canBuild>false</canBuild>
            <canMove>true</canMove>
            <canAcceptGold>true</canAcceptGold>
            <canAcceptWood>true</canAcceptWood>
            <foodProvided>0</foodProvided>
            <character>102</character>
            <goldGatherRate>25</goldGatherRate>
            <woodGatherRate>25</woodGatherRate>
            <durationGatherWood>1</durationGatherWood>
            <durationGatherGold>1</durationGatherGold>
            <durationMove>1</durationMove>
            <durationAttack>1</durationAttack>
            <durationDeposit>1</durationDeposit>
        </template>
    </player>

    <resourceNode>
        <ID>580</ID>
        <type>GOLD_MINE</type>
        <xPosition>1</xPosition>
        <yPosition>1</yPosition>
        <initialAmount>50</initialAmount>
        <amountRemaining>50</amountRemaining>
    </resourceNode>
</state>
